company, title, summary
Liberty Mutual Insurance,Software Developer - All Levels,In GRM US Agent & Partner; we embrace all of the values of our Fortune 100 company and push our practices and technology skill sets to the next level.
Tyler Technologies, Inc.,Software Developer, Eden ERP,The Software Developer will also test and document basic application programs; working with accepted Development Department standards and procedures.
Akvelon, Inc.,Software Development Engineer,We want engineers who are passionate about building complete; production-quality software services; with a scalable and sustainable architecture and…
DDS Wireless International Inc.,Software Development Engineer in Test,If you are excited about the variety; challenge and scope of this role as well as about the opportunity to advance your career within the DDS group of companies…
Notebleu,Full Stack Web Developer,_All employment decisions at Notebleu are based on business needs; job requirements and individual qualifications; without regard to race; color; religion;…
Sasquatch Talent,Senior Java Developer,We are looking for someone with 7+ years of experience and a deep knowledge of Java. We are looking for someone to help modernize the stack; build out a roadmap…
Nintendo of America Inc.,CONTRACT – Device Driver Validation Software Engineer (NTD),Degree in Computer Science; Computer Engineering; or Electrical Engineering. Fluent C/C++ software development skills.
Progeny,Entry Level Software Developer,Strong skills in use of JAVA and JAVA EE development tools. Degree in Computer Engineering; Computer Science; Systems Engineering or a related technical field …
Tyler Technologies, Inc.,Software Developer, Eden ERP,The Software Developer will also test and document basic application programs; working with accepted Development Department standards and procedures.
Oracle,Software Developer,Strong knowledge of C; C++ or Java; and experience with scripting languages such as Python; Perl; etc. These are exciting times in our space - we are growing…
Zulily,Software Engineer I - AMP,This will allow you to check the status of your application at any time and receive the most up to date communications from our Talent Acquisition team.
Zulily,Software Engineer I - MEP,This will allow you to check the status of your application at any time and receive the most up to date communications from our Talent Acquisition team.
Tavour,Software Developer,We’re looking for team members who are excited about being exposed to the key problems in the business; growing product ideas; and shaping decisions on our…
Google,Software Engineering Intern, BS, Winter 2020,As a Software Engineering Intern; you will work on our core products and services as well as those which support key functions of our engineering operations.
Microsoft,Software Engineer,Collaboration - As most development is about working with others; both within an immediate team; as well as across business units and portions of the company;…
Hulu,Software Developer - Living Room Applications,We’re looking for great people who are passionate about redefining TV through innovation; unconventional thinking and embracing fun.
zen3 info solutions,Software Developer,Good experience in Problem Solving with Algorithms and Data Structures Years of development experience writing and reviewing both front-end and back-end code…
Indeed Prime,Software Developer,From strong communication skills to experience with the latest technologies; you have what employers are looking for.
Apple,Siri - Software Engineer,As part of the Siri Kernel team you will be responsible for enhancing and maintaining core components of Siri. 1 to 3 years experience with backend services.
